City_Name,Latitude,Longitude,Temperature,Wind Speed,Cloudiness,Humidity,Country,Date
albany,42.6001,-73.9662,51.87,1.01,100,43,US,1651937059
ust-kuyga,70.0167,135.6,-3.26,5.59,15,97,RU,1651937513
boshnyakovo,49.6333,142.1667,33.94,7.11,100,96,RU,1651937513
isangel,-19.55,169.2667,69.91,3.44,16,88,VU,1651937378
sarakhs,36.5449,61.1577,89.67,16.91,52,25,IR,1651937514
saskylakh,71.9167,114.0833,11.17,12.66,79,90,RU,1651937050
sitka,57.0531,-135.33,39.09,0.0,20,87,US,1651937160
bolobo,-2.1667,16.2333,75.94,3.18,100,86,CD,1651937514
kaitangata,-46.2817,169.8464,55.02,3.51,100,81,NZ,1651937077
sinnamary,5.3833,-52.95,81.73,9.08,57,80,GF,1651937173
hobart,-42.8794,147.3294,50.9,14.97,49,79,AU,1651936831
kahului,20.8947,-156.47,75.09,23.02,100,73,US,1651937075
saint-joseph,-21.3667,55.6167,73.78,13.85,32,78,RE,1651937515
uruzgan,32.8333,66.0,77.63,7.92,57,20,AF,1651937515
carnarvon,-24.8667,113.6333,64.47,0.0,40,72,AU,1651937158
hue,16.4667,107.6,78.91,2.3,40,89,VN,1651937516
vaini,-21.2,-175.2,71.76,0.0,75,94,TO,1651937051
tasiilaq,65.6145,-37.6368,32.16,5.59,100,65,GL,1651937084
busselton,-33.65,115.3333,59.43,4.99,52,69,AU,1651937057
lebu,-37.6167,-73.65,57.67,6.11,10,67,CL,1651937078
rauma,61.1272,21.5113,46.44,9.86,57,65,FI,1651937517
chapais,49.7834,-74.8492,38.98,5.39,16,51,CA,1651937142
hambantota,6.1241,81.1185,82.74,4.61,75,83,LK,1651937101
sochaczew,52.2294,20.2384,67.35,4.18,83,60,PL,1651937517
bluff,-46.6,168.3333,57.25,11.18,88,77,NZ,1651937043
clacton-on-sea,51.7897,1.156,57.11,3.0,70,89,GB,1651937518
kapaa,22.0752,-159.319,74.28,19.57,75,81,US,1651937059
bengkulu,-3.8004,102.2655,78.21,12.17,100,88,ID,1651937062
upernavik,72.7868,-56.1549,17.89,5.57,1,64,GL,1651937071
haradok,55.4624,29.9816,62.24,5.08,89,83,BY,1651937519
qaanaaq,77.484,-69.3632,17.94,4.05,99,75,GL,1651937049
rikitea,-23.1203,-134.9692,77.32,7.83,47,82,PF,1651937060
khandbari,27.3747,87.2039,70.41,2.93,98,81,NP,1651937519
bredasdorp,-34.5322,20.0403,60.08,8.9,16,59,ZA,1651937072
punta arenas,-53.15,-70.9167,51.53,23.02,75,66,CL,1651936880
codrington,-38.2667,141.9667,52.59,10.0,52,86,AU,1651937228
abu samrah,35.3029,37.1841,63.43,19.13,18,42,SY,1651937520
hermanus,-34.4187,19.2345,58.8,9.82,34,58,ZA,1651937074
panaba,21.2833,-88.2667,93.81,9.95,43,43,MX,1651937521
narsipatnam,17.6667,82.6167,84.24,0.83,79,67,IN,1651937521
lata,40.1629,-8.3327,82.49,6.53,100,35,PT,1651937085
natal,-5.795,-35.2094,84.42,12.66,40,74,BR,1651937270
georgetown,5.4112,100.3354,82.45,4.61,20,89,MY,1651936817
kandalaksha,67.162,32.4123,41.85,6.31,100,83,RU,1651937522
lompoc,34.6391,-120.4579,53.53,21.0,100,88,US,1651936983
calama,-22.4667,-68.9333,66.69,8.05,0,11,CL,1651937523
klaksvik,62.2266,-6.589,49.12,10.07,99,67,FO,1651937061
zhigansk,66.7697,123.3711,21.52,8.01,100,87,RU,1651937523
harstad,68.799,16.5293,34.65,21.99,100,97,NO,1651937524
sao filipe,14.8961,-24.4956,73.85,13.31,33,80,CV,1651937215
dikson,73.5069,80.5464,11.07,5.68,36,98,RU,1651937057
los llanos de aridane,28.6585,-17.9182,69.12,14.97,20,76,ES,1651937152
victoria,22.2855,114.1577,75.63,4.0,100,81,HK,1651936828
mataura,-46.1927,168.8643,51.33,3.22,99,89,NZ,1651936766
atuona,-9.8,-139.0333,78.15,14.88,19,70,PF,1651937048
kodiak,57.79,-152.4072,38.71,6.91,0,75,US,1651937070
jamestown,42.097,-79.2353,53.47,10.36,0,53,US,1651937093
ushuaia,-54.8,-68.3,55.06,5.75,40,47,AR,1651937053
hamina,60.5697,27.1979,51.08,16.78,71,97,FI,1651937526
havre-saint-pierre,50.2334,-63.5986,41.36,16.11,0,30,CA,1651937190
saint-philippe,-21.3585,55.7679,74.79,14.52,38,80,RE,1651937096
sainte-marie,-20.8968,55.5496,73.33,12.66,75,83,RE,1651937526
sorland,67.667,12.6934,38.66,28.16,100,59,NO,1651937225
thompson,55.7435,-97.8558,57.36,5.75,20,62,CA,1651937053
nikolskoye,59.7035,30.7861,63.61,11.05,26,63,RU,1651937085
andover,51.2083,-1.4825,66.04,13.8,40,48,GB,1651937457
gerash,27.6652,54.1371,89.74,2.21,95,16,IR,1651937527
marystown,47.1666,-55.1483,42.85,11.99,59,100,CA,1651937528
cockburn town,21.4612,-71.1419,82.36,11.5,40,74,TC,1651937092
puerto ayora,-0.7393,-90.3518,75.16,7.74,41,83,EC,1651937069
esperance,-33.8667,121.9,57.72,13.24,46,49,AU,1651937058
kang,-23.6752,22.7876,71.62,6.98,44,25,BW,1651937529
vrangel,42.7297,133.0839,44.08,8.08,1,66,RU,1651937529
castro,-24.7911,-50.0119,63.19,5.06,63,53,BR,1651937056
torbay,47.6666,-52.7314,40.78,17.27,75,65,CA,1651937055
sortland,68.6949,15.4162,38.77,19.51,97,73,NO,1651937530
roebourne,-20.7833,117.1333,77.13,7.18,2,65,AU,1651937530
bougouni,11.417,-7.479,102.67,7.23,40,19,ML,1651937531
inirida,3.8653,-67.9239,74.17,0.18,100,98,CO,1651937216
yellowknife,62.456,-114.3525,37.92,27.63,100,100,CA,1651936920
dagshai,30.8833,77.05,66.83,6.44,3,26,IN,1651937531
port hedland,-20.3167,118.5667,71.65,5.75,0,83,AU,1651937532
gazanjyk,39.2446,55.5154,76.08,7.74,32,50,TM,1651937184
fairbanks,64.8378,-147.7164,37.4,3.44,100,94,US,1651937400
hualmay,-11.0964,-77.6139,69.66,10.92,12,75,PE,1651937532
cape town,-33.9258,18.4232,61.14,23.02,0,57,ZA,1651936746
hilo,19.7297,-155.09,70.3,8.05,100,90,US,1651937090
korla,41.7597,86.1469,79.54,1.92,55,26,CN,1651937533
nanortalik,60.1432,-45.2371,40.26,3.67,100,73,GL,1651937145
pevek,69.7008,170.3133,19.85,5.48,99,100,RU,1651937099
conceicao da barra,-18.5933,-39.7322,80.78,13.13,88,63,BR,1651937534
barrow,71.2906,-156.7887,21.22,14.97,100,86,US,1651937044
stornoway,58.2093,-6.3865,54.37,6.91,20,53,GB,1651937236
najran,17.4924,44.1277,90.68,3.87,59,17,SA,1651937102
tripoli,32.8752,13.1875,70.29,8.7,2,51,LY,1651937240
guerrero negro,27.9769,-114.0611,61.18,11.92,15,80,MX,1651937043
tura,25.5198,90.2201,75.43,3.69,6,73,IN,1651937191
likasi,-10.9814,26.7333,67.77,2.64,86,78,CD,1651937535
redcar,54.6166,-1.06,56.41,7.0,24,54,GB,1651937536
ostrovnoy,68.0531,39.5131,40.82,20.62,100,100,RU,1651937098
fortuna,40.5982,-124.1573,49.71,5.75,75,96,US,1651937107
padang,-0.9492,100.3543,75.25,4.05,100,91,ID,1651937167
new norfolk,-42.7826,147.0587,49.14,1.01,36,72,AU,1651937049
esna,25.2934,32.554,93.22,8.52,4,6,EG,1651937537
grand haven,43.0631,-86.2284,60.8,3.0,0,34,US,1651937537
gdansk,54.3521,18.6464,63.72,16.11,75,51,PL,1651937320
east london,-33.0153,27.9116,67.14,6.91,20,82,ZA,1651936805
hall,34.3168,-83.7832,62.11,14.97,100,68,US,1651937538
bethel,41.3712,-73.414,48.76,11.99,100,77,US,1651937117
tautira,-17.7333,-149.15,80.56,2.89,4,76,PF,1651937539
smulti,45.9333,27.75,64.33,10.33,10,37,RO,1651937539
avarua,-21.2078,-159.775,75.25,3.44,20,94,CK,1651937122
kimbe,-5.5502,150.1429,76.53,3.4,59,93,PG,1651937540
tuktoyaktuk,69.4541,-133.0374,28.4,10.36,100,93,CA,1651937045
kavieng,-2.5744,150.7967,82.47,16.08,54,80,PG,1651937540
kruisfontein,-34.0033,24.7314,56.88,6.62,100,90,ZA,1651937047
tiksi,71.6872,128.8694,8.29,8.23,16,94,RU,1651937164
orlik,52.5178,99.825,44.87,5.97,1,61,RU,1651937541
ozernovskiy,51.5,156.5167,35.42,6.04,94,96,RU,1651937541
mar del plata,-38.0023,-57.5575,67.87,12.66,0,75,AR,1651937045
longyearbyen,78.2186,15.6401,15.64,17.27,75,79,SJ,1651937087
erzin,36.9559,36.2,63.57,7.96,39,62,TR,1651937154
hithadhoo,-0.6,73.0833,84.27,13.78,84,75,MV,1651937080
la ciotat,43.1748,5.6045,71.04,6.31,25,61,FR,1651937542
george,-33.963,22.4617,56.75,4.61,75,82,ZA,1651937543
xiaoweizhai,26.1903,107.5125,65.26,1.12,89,98,CN,1651937543
narsaq,60.9167,-46.05,53.82,3.49,100,77,GL,1651937054
sooke,48.3746,-123.7276,48.38,28.77,64,82,CA,1651937543
faanui,-16.4833,-151.75,80.83,6.33,12,77,PF,1651937067
mbuyapey,-26.2,-56.75,73.06,2.53,64,50,PY,1651937544
muros,42.7762,-9.0603,68.85,5.97,100,53,ES,1651937475
pimenteiras,-6.2453,-41.4192,92.77,7.07,45,36,BR,1651937545
hobyo,5.3505,48.5268,83.55,19.51,61,81,SO,1651937545
laohekou,32.3858,111.6678,62.83,4.07,18,62,CN,1651937545
saint george,37.1041,-113.5841,76.5,8.05,0,18,US,1651936895
vao,-22.6667,167.4833,75.25,22.5,27,62,NC,1651937546
okhotsk,59.3833,143.3,32.67,9.33,7,76,RU,1651937246
dzhebariki-khaya,62.2167,135.8,32.5,6.29,99,96,RU,1651937547
stribro,49.7529,13.0041,64.36,5.37,81,64,CZ,1651937547
khatanga,71.9667,102.5,0.37,6.33,14,99,RU,1651937106
ippy,6.2679,21.2247,83.05,2.68,69,60,CF,1651937547
chachapoyas,-6.2317,-77.869,66.6,3.36,62,60,PE,1651937548
presidencia roque saenz pena,-26.7852,-60.4388,76.86,6.02,70,53,AR,1651937548
norman wells,65.282,-126.8329,37.44,5.75,100,70,CA,1651937090
nueve de julio,-35.4444,-60.8831,74.46,12.46,3,49,AR,1651937528
port alfred,-33.5906,26.891,63.18,8.01,79,95,ZA,1651937095
rincon,32.296,-81.2354,75.47,16.11,75,50,US,1651937550
lodwar,3.1191,35.5973,94.55,9.8,64,30,KE,1651937398
lubango,-14.9172,13.4925,80.46,8.05,40,13,AO,1651937550
caravelas,-17.7125,-39.2481,78.19,10.27,45,85,BR,1651937122
phonhong,18.5007,102.4166,75.49,2.55,82,92,LA,1651937551
cayenne,4.9333,-52.3333,81.09,3.44,75,1,GF,1651937097
balkanabat,39.5108,54.3671,72.39,9.06,54,58,TM,1651937551
vung tau,10.346,107.0843,82.44,20.18,100,78,VN,1651937373
airai,-8.9266,125.4092,60.53,3.94,47,96,TL,1651937042
komsomolskiy,40.4272,71.7189,81.32,4.61,0,29,UZ,1651937069
saint anthony,45.0205,-93.218,64.49,12.66,0,53,US,1651937546
luderitz,-26.6481,15.1594,63.75,29.39,0,57,NA,1651937153
coihaique,-45.5752,-72.0662,57.15,10.36,75,77,CL,1651937222
riyadh,24.6877,46.7219,91.54,15.61,2,15,SA,1651937117
panevezys,55.7333,24.35,60.06,11.72,94,69,LT,1651937330
alofi,-19.0595,-169.9187,75.09,9.22,73,94,NU,1651937180
kijang,35.2442,129.2139,62.33,17.78,100,72,KR,1651937151
atambua,-9.1061,124.8925,73.45,6.42,36,89,ID,1651937553
leningradskiy,69.3833,178.4167,18.05,1.9,98,97,RU,1651937080
inongo,-1.95,18.2667,72.93,3.69,100,90,CD,1651937553
vulcan,45.3833,23.2667,58.48,5.61,77,55,RO,1651937554
quata,-22.2475,-50.6983,70.72,8.9,78,55,BR,1651937554
tahe,52.3333,124.7333,34.29,2.08,0,41,CN,1651937554
hluti,-27.2167,31.6167,67.46,4.63,1,50,SZ,1651937555
pacific grove,36.6177,-121.9166,55.76,8.05,0,78,US,1651937148
lucea,18.451,-78.1736,86.86,4.0,2,65,JM,1651937555
badiraguato,25.3667,-107.5167,89.04,3.51,0,30,MX,1651937556
geraldton,-28.7667,114.6,57.61,0.0,4,82,AU,1651937081
fuerte olimpo,-21.0415,-57.8738,87.94,1.45,0,30,PY,1651937556
rimbey,52.6334,-114.2353,43.63,11.23,50,54,CA,1651937418
marzuq,14.4,46.4667,85.21,13.53,39,27,YE,1651937108
vostok,46.4856,135.8833,32.81,3.11,100,96,RU,1651937558
colares,38.7992,-9.4469,77.63,9.22,0,44,PT,1651937366
ketchikan,55.3422,-131.6461,43.27,6.91,75,81,US,1651937169
seoul,37.5683,126.9778,57.63,4.61,0,48,KR,1651937185
biak,-0.9131,122.8766,77.65,0.45,100,87,ID,1651937075
changji,44.0167,87.3167,75.99,4.47,20,33,CN,1651937559
cidreira,-30.1811,-50.2056,66.34,4.29,5,64,BR,1651937102
arrifes,37.7667,-25.7,66.45,8.05,40,77,PT,1651937559
tungor,53.3808,142.9564,27.03,5.12,73,93,RU,1651937559
nouadhibou,20.931,-17.0347,71.58,21.85,1,73,MR,1651937560
tarrega,41.647,1.1396,75.22,12.19,21,27,ES,1651937560
grand gaube,-20.0064,57.6608,78.39,5.01,8,72,MU,1651937319
srednekolymsk,67.45,153.6833,21.52,7.27,97,97,RU,1651937206
deputatskiy,69.3,139.9,0.37,5.53,94,97,RU,1651937561
iqaluit,63.7506,-68.5145,22.69,12.66,75,62,CA,1651937166
saldanha,-33.0117,17.9442,64.45,24.81,1,66,ZA,1651937065
sidi ali,36.0998,0.4206,67.14,12.68,92,47,DZ,1651937562
revelstoke,50.9832,-118.2023,42.82,0.0,100,93,CA,1651937562
aklavik,68.2191,-135.0107,33.8,9.22,40,69,CA,1651937109
road town,18.4167,-64.6167,84.07,9.22,40,65,VG,1651937563
vila velha,-20.3297,-40.2925,84.15,16.11,0,51,BR,1651937253
chokurdakh,70.6333,147.9167,24.8,9.22,100,97,RU,1651937118
oussouye,12.485,-16.5469,86.09,17.18,3,34,SN,1651937563
lalmohan,22.3384,90.7419,84.36,9.48,0,74,BD,1651937564
butaritari,3.0707,172.7902,81.55,10.92,96,77,KI,1651937047
vanimo,-2.6741,141.3028,79.54,6.2,87,90,PG,1651937136
inuvik,68.3499,-133.7218,32.81,6.91,20,71,CA,1651937564
marshfield,44.6689,-90.1718,57.29,6.91,0,30,US,1651937565
flin flon,54.7682,-101.865,49.84,4.61,40,81,CA,1651937565
viljoenskroon,-27.2084,26.9485,64.08,3.22,57,29,ZA,1651937565
mahebourg,-20.4081,57.7,75.49,11.5,40,88,MU,1651937157
gwanda,-20.9333,29.0,76.3,6.17,55,31,ZW,1651937203
xai-xai,-25.0519,33.6442,70.7,7.72,0,80,MZ,1651937566
nago,26.5881,127.9761,75.63,9.4,93,95,JP,1651937566
whitehorse,60.7161,-135.0538,32.85,2.3,100,89,CA,1651937210
krasnoselkup,65.7,82.4667,14.23,22.12,95,87,RU,1651937241
maragogi,-9.0122,-35.2225,81.99,10.74,25,73,BR,1651937253
belyy yar,53.6039,91.3903,44.85,15.66,0,46,RU,1651937567
marawi,7.9986,124.2928,71.74,1.43,97,90,PH,1651937568
dormidontovka,47.7702,134.9076,40.75,5.41,100,59,RU,1651937568
rion,34.3071,-81.1251,70.32,5.75,100,63,US,1651937568
noshiro,40.2039,140.0242,48.43,8.34,100,83,JP,1651937569
lashio,22.9333,97.75,71.85,0.78,11,65,MM,1651937569
tahoua,14.8888,5.2692,107.58,6.91,0,10,NE,1651937570
kozhva,65.1073,57.0459,38.64,6.67,100,99,RU,1651937570
saint-pierre,-21.3393,55.4781,74.37,5.75,0,78,RE,1651937088
hami,42.8,93.45,77.34,2.73,1,24,CN,1651937135
constitucion,-35.3333,-72.4167,60.87,6.67,0,59,CL,1651937144
ribeira grande,38.5167,-28.7,64.8,5.75,20,72,PT,1651937072
souillac,-20.5167,57.5167,75.58,11.5,40,88,MU,1651937061
mto wa mbu,-3.35,35.85,73.56,2.98,70,68,TZ,1651937571
labuhan,-6.8844,112.2051,80.33,4.23,79,85,ID,1651937572
kurilsk,45.2333,147.8833,47.77,22.24,93,93,RU,1651937572
lorengau,-2.0226,147.2712,82.51,13.11,92,82,PG,1651937219
salym,60.0625,71.4789,30.29,4.61,73,85,RU,1651937573
moron,-34.6534,-58.6198,71.42,5.66,0,69,AR,1651937573
soyo,-6.1349,12.3689,80.76,7.16,98,80,AO,1651937574
konde,-4.95,39.75,78.8,10.29,93,81,TZ,1651937574
sola,-13.8833,167.55,79.47,3.44,2,78,VU,1651937527
hokitika,-42.7167,170.9667,57.54,6.53,89,86,NZ,1651937575
clyde river,70.4692,-68.5914,14.23,4.61,100,92,CA,1651937240
karaton,-6.3424,106.1045,74.93,2.73,99,92,ID,1651937575
zaykovo,57.5613,62.7568,47.95,9.04,59,67,RU,1651937575
berdyaush,55.1619,59.1464,42.31,4.21,43,66,RU,1651937576
bonavista,48.6499,-53.1147,38.37,15.01,57,60,CA,1651937576
ranot,7.7777,100.3213,83.3,18.48,100,82,TH,1651937577
imeni babushkina,59.7573,43.1285,53.29,10.69,50,71,RU,1651937577
nador,35.174,-2.9287,70.05,5.75,20,73,MA,1651937194
tanabe,33.7333,135.3667,63.93,1.01,56,77,JP,1651937578
barranca,-10.75,-77.7667,69.13,9.93,47,76,PE,1651937578
la solana,38.9442,-3.2381,73.6,10.85,0,25,ES,1651937578
amga,60.8953,131.9608,37.18,6.6,100,96,RU,1651937579
lavrentiya,65.5833,-171.0,18.52,3.94,95,98,RU,1651937132
karatuzskoye,53.6072,92.8667,40.66,7.0,100,87,RU,1651937579
basco,20.4487,121.9702,82.18,13.91,94,81,PH,1651937580
beruwala,6.4788,79.9828,81.97,5.99,82,85,LK,1651937580
salalah,17.0151,54.0924,86.09,10.36,20,74,OM,1651937404
derzhavinsk,51.1,66.3167,48.36,10.09,1,32,KZ,1651937581
wellington,-41.2866,174.7756,61.21,27.63,40,84,NZ,1651937407
xihe,31.6864,113.4659,69.76,7.9,36,69,CN,1651937581
asau,46.4333,26.4,61.72,6.49,47,45,RO,1651937071
ancud,-41.8697,-73.8203,55.35,14.61,100,83,CL,1651937196
avera,33.194,-82.5271,67.48,16.69,40,49,US,1651937582
vila franca do campo,37.7167,-25.4333,68.41,3.51,95,88,PT,1651937259
nacala,-14.5428,40.6728,79.92,9.22,20,78,MZ,1651937583
richards bay,-28.783,32.0377,70.7,5.17,0,86,ZA,1651936778
rochegda,62.8,43.25,55.99,8.72,100,61,RU,1651937583
arraial do cabo,-22.9661,-42.0278,78.66,13.8,40,69,BR,1651937084
kununurra,-15.7667,128.7333,78.78,11.5,1,25,AU,1651937459
port lincoln,-34.7333,135.8667,56.55,2.44,12,78,AU,1651937063
kavaratti,10.5669,72.642,84.92,13.98,9,71,IN,1651936897
banfora,10.6333,-4.7667,95.81,6.31,86,34,BF,1651937584
kieta,-6.2167,155.6333,79.03,3.69,98,84,PG,1651937137
kidal,18.4411,1.4078,104.94,15.64,83,8,ML,1651937585
bambous virieux,-20.3428,57.7575,75.45,11.5,40,88,MU,1651937103
teo,42.75,-8.5,80.62,5.99,0,33,ES,1651937585
te anau,-45.4167,167.7167,56.32,3.96,100,91,NZ,1651937197
sur,22.5667,59.5289,89.8,11.65,0,50,OM,1651937378
terra rica,-22.7094,-52.6169,73.76,9.69,61,53,BR,1651937590
vanavara,60.34,102.2797,36.93,18.01,24,69,RU,1651937590
boueni,-12.9025,45.0761,82.38,12.66,67,74,YT,1651937188
kalianget,-7.05,113.9333,83.41,8.03,11,78,ID,1651937591
high rock,26.6208,-78.2833,84.22,18.19,6,71,BS,1651937591
chuy,-33.6971,-53.4616,68.61,2.68,0,60,UY,1651937065
baruun-urt,46.6806,113.2792,41.11,5.26,80,24,MN,1651937592
tazmalt,36.3868,4.3989,58.84,5.39,99,75,DZ,1651937592
arbagar,51.9438,116.2805,46.13,4.05,14,24,RU,1651937594
dudinka,69.4058,86.1778,11.62,14.12,21,94,RU,1651937571
lagoa,39.05,-27.9833,60.1,3.44,85,66,PT,1651937112
forrest city,35.0081,-90.7898,62.83,10.8,7,71,US,1651937475
nurobod,40.9056,69.8023,72.93,4.99,0,43,UZ,1651937595
port blair,11.6667,92.75,78.84,11.5,100,94,IN,1651937113
sunndalsora,62.6754,8.5515,36.97,8.77,99,83,NO,1651937595
port elizabeth,-33.918,25.5701,59.29,4.61,100,97,ZA,1651937109
kuito,-12.3833,16.9333,67.89,3.6,93,65,AO,1651937596
port moresby,-9.4431,147.1797,78.22,4.61,20,100,PG,1651937109
kerch,45.3583,36.4758,54.75,14.56,100,70,UA,1651937597
san lorenzo,-25.3333,-57.5333,74.59,2.3,0,50,PY,1651937312
severo-kurilsk,50.6789,156.125,38.17,3.58,76,90,RU,1651937057
ugento,39.9263,18.1574,64.47,17.47,83,73,IT,1651937598
ayan,56.45,138.1667,35.1,11.86,33,74,RU,1651937598
kenai,60.5544,-151.2583,36.09,5.75,0,91,US,1651937598
bairiki,1.3292,172.9752,80.6,4.61,20,83,KI,1651937599
broome,42.2506,-75.833,52.63,9.22,0,41,US,1651937599
awbari,26.5921,12.7805,89.67,12.12,1,13,LY,1651937600
fukue,32.6881,128.8419,65.43,14.76,100,87,JP,1651937600
denpasar,-8.65,115.2167,83.71,10.36,20,88,ID,1651937601
ziro,27.6333,93.8333,53.94,2.13,16,91,IN,1651937601
comarapa,-17.9,-64.4833,62.4,1.79,69,53,BO,1651937602
northam,51.0333,-4.2167,60.22,6.73,72,78,GB,1651937602
dvinskoy,62.1535,45.1175,55.58,8.1,97,61,RU,1651937602
provideniya,64.3833,-173.3,30.38,7.76,99,96,RU,1651937095
minot,48.2325,-101.2963,62.67,8.05,75,67,US,1651937356
kalmunai,7.4167,81.8167,83.43,3.67,87,77,LK,1651937086
sibolga,1.7427,98.7792,76.05,2.17,100,90,ID,1651937116
adrar,20.5022,-10.0711,102.47,4.68,7,9,MR,1651937089
itoman,26.1247,127.6694,77.02,10.36,75,88,JP,1651937603
palmer,42.1584,-72.3287,50.88,19.57,100,46,US,1651936984
raahe,64.6833,24.4833,44.69,11.5,56,73,FI,1651937604
oranjemund,-28.55,16.4333,58.28,16.67,0,77,NA,1651937604
uva,56.9908,52.1852,48.65,4.97,90,65,RU,1651937605
tuatapere,-46.1333,167.6833,54.03,5.75,73,90,NZ,1651937161
conakry,9.538,-13.6773,82.42,8.66,7,71,GN,1651937348
uvalde,29.3669,-99.767,83.71,6.91,0,47,US,1651937605
touros,-5.1989,-35.4608,81.7,14.52,93,79,BR,1651937133
posadas,-27.3671,-55.8961,65.68,5.75,0,59,AR,1651937606
ambilobe,-13.2,49.05,76.91,5.14,17,78,MG,1651937606
talnakh,69.4865,88.3972,11.21,15.73,51,81,RU,1651937052
moose factory,51.2585,-80.6094,42.78,4.61,0,52,CA,1651937607
necochea,-38.5473,-58.7368,67.86,12.84,100,53,AR,1651937082
vardo,70.3705,31.1107,41.4,29.71,26,70,NO,1651937104
ampanihy,-24.7,44.75,71.67,3.49,47,82,MG,1651937607
kismayo,-0.3582,42.5454,81.07,13.29,99,82,SO,1651937608
frontino,6.7801,-76.1288,77.04,0.96,91,64,CO,1651937476
bilibino,68.0546,166.4372,20.1,2.66,93,96,RU,1651937608
alamosa,37.4695,-105.87,66.18,12.66,0,16,US,1651937609
andros,37.8333,24.9333,63.16,15.86,63,69,GR,1651937609
dingle,10.9995,122.6711,79.74,7.54,8,83,PH,1651937154
atar,20.5169,-13.0499,105.24,9.82,0,10,MR,1651937030
poum,-20.2333,164.0167,77.47,18.77,25,67,NC,1651937152
itarema,-2.9248,-39.9167,85.05,11.92,91,67,BR,1651937179
akureyri,65.6835,-18.0878,48.13,12.66,20,37,IS,1651937096
tari,12.4086,4.4914,104.07,3.47,100,20,NG,1651937610
tessalit,20.1986,1.0114,100.4,18.54,9,8,ML,1651937610
kilgore,32.3863,-94.8758,77.05,8.05,0,80,US,1651936908
banting,2.8167,101.5,82.53,6.13,100,94,MY,1651937611
auki,-8.7676,160.7034,78.12,4.21,68,89,SB,1651937168
dali,25.7,100.1833,63.12,5.19,77,67,CN,1651937612
roald,62.5833,6.1333,44.92,11.5,20,53,NO,1651937612
bambanglipuro,-7.95,110.2833,78.3,3.42,35,90,ID,1651937612
coahuayana,18.7333,-103.6833,82.8,1.99,90,50,MX,1651937220
honningsvag,70.9821,25.9704,38.95,10.36,100,81,NO,1651937613
berdigestyakh,62.0989,126.6992,33.04,2.33,100,100,RU,1651937120
anadyr,64.75,177.4833,28.9,8.95,0,86,RU,1651937613
semenivka,52.1783,32.5818,56.86,10.29,99,64,UA,1651937614
manitouwadge,49.1215,-85.8403,57.72,5.37,62,22,CA,1651937614
pisco,-13.7,-76.2167,68.05,9.22,75,83,PE,1651937060
hofn,64.2539,-15.2082,44.01,16.69,72,69,IS,1651937573
san patricio,28.017,-97.5169,84.69,11.5,8,49,US,1651937615
mosetse,-20.75,26.65,72.43,7.0,10,28,BW,1651937615
asyut,27.181,31.1837,86.18,10.92,25,10,EG,1651937616
brownsville,25.9018,-97.4975,84.34,13.8,100,80,US,1651937359
pajapan,18.25,-94.7,82.56,7.76,57,47,MX,1651937616
okha,53.5739,142.9478,28.71,5.57,71,91,RU,1651937618
buraydah,26.326,43.975,86.45,11.7,0,14,SA,1651937618
kamaishi,39.2667,141.8833,54.32,8.28,100,98,JP,1651937619
fort-shevchenko,44.5086,50.263,59.09,20.76,100,87,KZ,1651937619
monticello,45.3055,-93.7941,65.14,14.97,0,49,US,1651937619
mount isa,-20.7333,139.5,62.37,8.05,0,36,AU,1651937046
ahuimanu,21.4447,-157.8378,73.83,23.02,75,75,US,1651937620
esmeraldas,-19.7625,-44.3139,78.03,4.25,84,57,BR,1651937620
san cristobal,7.7669,-72.225,77.18,4.0,100,90,VE,1651937150
trairi,-3.2778,-39.2689,84.45,10.11,99,66,BR,1651937621
bata,1.8639,9.7658,81.18,9.08,99,84,GQ,1651937621
darnah,32.767,22.6367,73.08,20.56,26,50,LY,1651936950
roman,46.9167,26.9167,69.13,6.67,72,54,RO,1651937622
sistranda,63.7256,8.834,37.36,27.42,100,57,NO,1651937622
ubinskoye,55.3068,79.6802,37.35,8.41,67,34,RU,1651937623
iracoubo,5.4802,-53.2011,80.71,8.66,60,83,GF,1651937229
atagay,55.1033,99.3875,50.76,11.03,99,48,RU,1651937623
alvorada,-12.48,-49.1247,87.39,8.7,33,47,BR,1651937624
pionerskiy,54.9508,20.2275,60.64,11.27,99,88,RU,1651937624
unguia,8.0434,-77.0945,88.05,4.0,95,61,CO,1651937624
puerto narino,-3.7703,-70.3831,81.57,2.89,96,81,CO,1651937625
hajduboszormeny,47.6667,21.5167,71.33,6.53,96,59,HU,1651937625
solnechnyy,50.7214,136.6319,36.1,6.49,98,93,RU,1651937537
fengcheng,40.4536,124.0717,47.84,4.5,100,32,CN,1651937626
hovd,48.0056,91.6419,64.51,7.63,97,21,MN,1651937524
the valley,18.217,-63.0578,83.19,14.97,20,65,AI,1651937443
makakilo city,21.3469,-158.0858,72.09,23.02,40,71,US,1651937115
roswell,34.0232,-84.3616,60.33,13.8,100,81,US,1651937626
carbondale,37.7273,-89.2168,60.82,12.66,20,70,US,1651937249
cam ranh,11.9214,109.1591,76.96,4.61,40,88,VN,1651937627
inndyr,67.0338,14.0276,35.64,14.85,100,82,NO,1651937627
peniche,39.3558,-9.3811,68.27,9.73,96,77,PT,1651936854
bandarbeyla,9.4942,50.8122,82.9,16.62,6,83,SO,1651937117
chadan,51.2833,91.5833,58.82,4.32,12,39,RU,1651937628
cherskiy,68.75,161.3,27.54,1.54,100,98,RU,1651937158
ghanzi,-21.5667,21.7833,72.68,5.35,9,23,BW,1651937628
ust-ishim,57.6935,71.1665,37.49,2.86,58,52,RU,1651937629
leninskoye,41.7589,69.3864,68.83,7.99,0,54,KZ,1651937629
matadi,-5.8167,13.45,84.29,3.56,84,82,CD,1651937630
araguacu,-12.9306,-49.8264,85.3,4.21,78,58,BR,1651937630
tazovskiy,67.4667,78.7,8.91,10.29,17,94,RU,1651937387
naryan-mar,67.6713,53.087,36.46,14.07,100,100,RU,1651937184
dicabisagan,17.0818,122.4157,79.92,4.0,79,85,PH,1651937631
perth,-31.9333,115.8333,53.22,3.44,0,62,AU,1651937501
rawson,-43.3002,-65.1023,70.25,12.53,67,26,AR,1651937200
raudeberg,61.9875,5.1352,43.47,8.75,65,50,NO,1651937247
dhidhdhoo,6.8833,73.1,85.21,12.12,91,73,MV,1651937632
paamiut,61.994,-49.6678,34.05,10.8,19,83,GL,1651937159
hoquiam,46.9809,-123.8893,48.83,11.5,75,76,US,1651937632
breyten,-26.3018,29.987,55.18,4.05,4,41,ZA,1651937633
joensuu,62.6012,29.7632,48.69,18.41,100,93,FI,1651937633
promyshlennyy,67.5833,63.9167,28.8,13.73,100,97,RU,1651937634
beringovskiy,63.05,179.3167,22.8,5.79,100,92,RU,1651937122
siverek,37.755,39.3167,57.65,4.03,66,65,TR,1651937634
lima,-12.0432,-77.0282,68.25,9.22,100,68,PE,1651937633
naze,28.3667,129.4833,70.72,4.99,53,85,JP,1651937564
energetik,51.7445,58.7934,48.2,8.21,25,32,RU,1651937635
lazaro cardenas,17.9583,-102.2,83.71,4.25,85,52,MX,1651937608
hasaki,35.7333,140.8333,63.0,2.42,100,88,JP,1651937048
katobu,-4.9408,122.5276,76.42,4.92,97,93,ID,1651937635
rocha,-34.4833,-54.3333,72.18,1.88,0,55,UY,1651937636
ilo,-17.6394,-71.3375,67.06,6.91,100,73,PE,1651937636
lipin bor,60.2622,37.9763,50.77,11.65,47,73,RU,1651937637
jinchang,38.4953,102.1739,65.3,12.12,100,19,CN,1651937066
yar-sale,66.8333,70.8333,15.24,6.22,32,92,RU,1651937087
kuah,6.3265,99.8432,84.18,3.44,20,84,MY,1651937637
pskov,57.8136,28.3496,66.11,11.18,0,27,RU,1651937638
karasjok,69.4719,25.5112,34.56,32.39,40,71,NO,1651937638
labuan,5.2767,115.2417,80.1,0.0,40,94,MY,1651937638
smithers,54.7804,-127.1743,39.52,0.0,40,65,CA,1651937568
pangkalanbuun,-2.6833,111.6167,75.7,0.6,99,97,ID,1651937545
ponta do sol,32.6667,-17.1,71.13,5.82,83,63,PT,1651937079
cabo san lucas,22.8909,-109.9124,80.4,0.0,0,56,MX,1651937021
voznesenye,61.0106,35.4781,52.86,10.87,62,67,RU,1651937639
katsuura,35.1333,140.3,62.28,4.47,97,91,JP,1651937226
lethem,3.3803,-59.7968,84.96,4.45,100,64,GY,1651937640
dunedin,-45.8742,170.5036,61.81,5.37,100,57,NZ,1651937394
port hardy,50.6996,-127.4199,46.58,8.05,75,76,CA,1651937100
quilmana,-12.95,-76.3833,71.83,7.43,39,71,PE,1651937640
poso,-1.3959,120.7524,79.23,4.56,100,87,ID,1651937641
nome,64.5011,-165.4064,32.07,17.27,100,80,US,1651937068
quatre cocos,-20.2078,57.7625,78.1,15.28,27,79,MU,1651937641
la ronge,55.1001,-105.2842,52.05,8.05,20,50,CA,1651937103
mnogovershinnyy,53.9353,139.9242,25.16,3.96,6,85,RU,1651937367
djenne,13.9061,-4.5533,107.92,14.74,61,11,ML,1651937642
makat,47.6469,53.3463,61.29,20.56,100,44,KZ,1651937144
shitkino,56.3703,98.3543,47.28,15.82,100,37,RU,1651937643
desaguadero,-16.5656,-69.0417,51.04,8.57,0,44,PE,1651937643
hervey bay,-25.2986,152.8535,71.24,9.62,91,90,AU,1651936972
mingguang,32.7802,117.9638,58.14,11.99,11,71,CN,1651937644
clarence town,-32.5833,151.7833,51.46,4.47,100,71,AU,1651937644
carman,49.4992,-98.0016,59.88,21.85,84,77,CA,1651937645
port-gentil,-0.7193,8.7815,82.36,9.22,75,83,GA,1651937133
thayetmyo,19.3167,95.1833,87.75,2.8,86,57,MM,1651937171
qurayyat,31.3318,37.3428,77.18,11.5,0,18,SA,1651937645
thessalon,46.2501,-83.5666,50.29,10.2,35,61,CA,1651937419
jalingo,8.8833,11.3667,93.72,7.99,57,44,NG,1651937646
volosovo,59.4333,29.4833,59.18,9.89,20,49,RU,1651937646
inhambane,-23.865,35.3833,76.98,3.44,0,65,MZ,1651937096
mushie,-3.0167,16.9,76.95,3.2,100,91,CD,1651937647
mirnyy,62.5353,113.9611,37.67,8.7,67,91,RU,1651937647
mae sai,20.4335,99.8762,75.81,0.94,19,80,TH,1651937648
eucaliptus,-17.5833,-67.5167,55.22,10.51,0,29,BO,1651937648
mitsamiouli,-11.3847,43.2844,84.49,8.05,40,70,KM,1651937649
buin,-33.7333,-70.75,63.5,1.7,0,30,CL,1651937649
haines junction,60.7522,-137.5108,31.95,0.0,100,74,CA,1651937105
taoudenni,22.6783,-3.9836,102.2,9.46,1,7,ML,1651937650
charters towers,-20.1,146.2667,69.87,8.5,70,92,AU,1651937650
rio de janeiro,-22.9028,-43.2075,75.7,8.05,75,78,BR,1651937627
maniitsoq,65.4167,-52.9,31.59,9.15,29,65,GL,1651937651
ust-tsilma,65.441,52.1498,46.27,6.44,80,92,RU,1651937208
pingdingshan,33.7385,113.3012,60.35,13.87,73,37,CN,1651937651
valls,41.2861,1.2499,73.27,4.61,20,30,ES,1651937652
mariental,-24.6333,17.9667,72.21,16.44,0,13,NA,1651937652
ephrata,40.1798,-76.1788,49.06,3.0,100,90,US,1651937653
las vegas,36.175,-115.1372,79.63,14.97,0,23,US,1651936846
ocampo,21.65,-101.5,76.75,9.22,24,21,MX,1651937653
teguise,29.0605,-13.564,79.02,12.66,0,44,ES,1651937654
camacha,33.0833,-16.3333,65.62,14.97,40,64,PT,1651937018
beloha,-25.1667,45.05,70.68,2.71,53,88,MG,1651937192
heihe,50.2441,127.4902,32.58,5.75,6,40,CN,1651937224
bowen,-20.0167,148.2333,75.97,13.33,86,85,AU,1651937655
lichinga,-13.3128,35.2406,71.69,3.44,75,68,MZ,1651937655
yerbogachen,61.2767,108.0108,45.52,13.58,100,88,RU,1651937656
pochutla,15.7432,-96.4661,89.82,4.81,99,36,MX,1651937656
manta,-0.95,-80.7333,80.38,9.22,100,83,EC,1651937407
kommunar,59.6206,30.39,61.84,9.57,49,55,RU,1651937657
sri aman,1.2376,111.4621,77.05,0.0,100,94,MY,1651937657
pokhara,28.2333,83.9833,69.85,5.17,96,70,NP,1651937525
bafra,41.5678,35.9069,55.31,13.91,100,86,TR,1651937658
carutapera,-1.195,-46.02,75.04,7.09,100,96,BR,1651937658
morfelden-walldorf,49.9947,8.5836,73.02,5.75,0,46,DE,1651937659
sambava,-14.2667,50.1667,77.09,8.03,13,87,MG,1651937174
korop,51.5664,32.9586,56.34,8.16,99,67,UA,1651937659
rabo de peixe,37.8,-25.5833,67.51,8.05,40,77,PT,1651937660
kysyl-syr,63.8986,122.7617,29.75,7.96,100,96,RU,1651937660
nioro,13.35,-15.75,110.34,10.04,1,9,GM,1651937660
shimoda,34.6667,138.95,62.1,6.46,64,90,JP,1651937661
along,28.1667,94.7667,70.63,2.48,8,92,IN,1651937410
uvira,-3.4067,29.1458,75.63,5.28,68,84,CD,1651937661
berbera,10.4396,45.0143,86.02,3.83,92,72,SO,1651937662
huilong,31.8111,121.655,62.92,11.81,99,83,CN,1651937662
itapecerica,-20.4725,-45.1256,77.88,4.83,0,54,BR,1651937663
nsanje,-16.92,35.262,74.77,3.83,7,73,MW,1651937663
fort nelson,58.8053,-122.7002,42.39,14.97,100,61,CA,1651937100
russell,32.3502,-85.1999,71.47,12.66,0,56,US,1651937176
mehamn,71.0357,27.8492,37.65,25.43,37,87,NO,1651937481
petropavlovka,50.6114,105.3196,49.03,1.32,4,67,RU,1651937664
indramayu,-6.3264,108.32,82.11,3.09,50,76,ID,1651937214
tabou,4.423,-7.3528,84.42,8.03,87,71,CI,1651937664
maldonado,-34.6667,-54.9167,72.79,2.95,0,55,UY,1651937665
haselunne,52.6667,7.4833,66.04,11.5,86,55,DE,1651937665
onega,63.9061,38.1404,53.98,13.78,15,66,RU,1651937440
seydisehir,37.4193,31.8453,51.48,8.16,61,53,TR,1651937666
nouakchott,18.0858,-15.9785,80.53,17.27,0,52,MR,1651937145
san carlos de bariloche,-41.1456,-71.3082,58.75,24.16,40,47,AR,1651937666
jamsa,61.8642,25.19,39.92,6.53,100,86,FI,1651937667
van,38.4924,43.3831,51.15,9.22,75,54,TR,1651937667
harlingen,26.1906,-97.6961,84.25,13.8,100,85,US,1651937440
orange cove,36.6244,-119.3137,61.48,4.36,0,56,US,1651937667
dessau,51.8386,12.2456,68.41,4.54,63,50,DE,1651937668
atikokan,48.7555,-91.6216,61.43,8.16,35,55,CA,1651937668
hay river,60.8156,-115.7999,33.78,16.11,100,100,CA,1651937582
port-cartier,50.0334,-66.8654,41.76,8.05,5,57,CA,1651937669
leshukonskoye,64.8989,45.7622,49.42,9.53,69,86,RU,1651937669
hendek,40.7994,30.7481,53.13,6.82,46,81,TR,1651937670
urumqi,43.801,87.6005,72.55,4.47,20,33,CN,1651937426
moctezuma,29.8,-109.6667,83.75,6.31,0,15,MX,1651937670
tocopilla,-22.092,-70.1979,66.54,4.23,29,71,CL,1651937113
pangnirtung,66.1451,-65.7125,10.4,0.0,75,92,CA,1651937272
yagodnoye,62.55,149.6667,27.19,3.42,100,97,RU,1651937671
takoradi,4.8845,-1.7554,81.81,6.42,88,76,GH,1651937671
akot,21.0964,77.0586,98.42,8.93,64,17,IN,1651937672
san policarpo,12.1791,125.5072,81.59,10.83,12,83,PH,1651937197
sa kaeo,13.75,102.3333,79.56,3.65,86,83,TH,1651937672
sukhodol,53.9006,51.2117,50.9,2.39,27,52,RU,1651937673
nam dinh,20.4167,106.1667,75.43,3.36,100,95,VN,1651937673
sao joao da barra,-21.6403,-41.0511,80.69,15.35,2,58,BR,1651937673
port hawkesbury,45.6169,-61.3485,44.22,13.8,0,53,CA,1651937675
kalmar,56.6616,16.3616,62.53,16.11,75,45,SE,1651937675
emerald,-23.5333,148.1667,60.94,10.36,100,67,AU,1651937676
gimli,50.6336,-96.9907,48.22,17.27,60,81,CA,1651937676
sergeyevka,53.88,67.4158,47.66,4.12,0,32,KZ,1651937251
karratha,-20.7377,116.8463,77.31,6.93,0,65,AU,1651937201
medina del campo,41.3124,-4.9141,69.93,10.16,7,31,ES,1651937677
ahipara,-35.1667,173.1667,56.44,3.11,71,82,NZ,1651937143
sokoni,-6.4333,39.55,84.06,16.08,31,77,TZ,1651937677
riberalta,-10.9833,-66.1,82.6,13.8,0,54,BO,1651937678
shepsi,44.0361,39.1489,49.8,12.35,100,80,RU,1651937678
alekseyevka,50.6309,38.6903,53.91,5.28,44,57,RU,1651937679
newcastle,-32.9272,151.7765,51.13,6.91,100,74,AU,1651937483
dire,12.2833,-10.9667,108.66,4.9,13,13,ML,1651937679
aiquile,-18.2041,-65.1807,63.54,4.68,66,53,BO,1651937679
